{
  "transactionInfo":{
     "transactionId":"1p8pv7fdhlvwg-17gj31fyj7egh"
  },
  "captchaRequired":false,
  "conversationToken":"fw8nl81x9zxb-1l99zd1innmua",
  "trip":{
     "id":0,
     "tripReference":"O2I6MG",
     "journeyCount":1,
     "hotelCount":0,
     "carRentalCount":0,
     "insuranceCount":0,
     "tripType":"ONE_WAY",
     "contactDetails":[
        {
           "passengerIdentifier":{
              "productIdentifier":"2005EC5100065D4F"
           },
           "contactType":"EMAIL",
           "value":"TABRASALDO@UK.QATARAIRWAYS.COM",
           "updatingCtDetails":false
        },
        {
           "passengerIdentifier":{
              "productIdentifier":"2005EC5100065D4F"
           },
           "contactType":"MOBILE",
           "countryCode":"GBR",
           "value":"7909545674",
           "updatingCtDetails":false
        }
     ],
     "emergencyContactDetails":[

     ],
     "journeys":[
        {
           "uniqueJourneyIdentifier":{
              "uniqueIdentifier":"QR000420200403LHRDOH"
           },
           "flightList":[
              {
                 "departureStation":{
                    "airportCode":"LHR",
                    "onlineStation":false,
                    "railStation":false,
                    "busStation":false,
                    "qrStation":false,
                    "active":true
                 },
                 "arrivalStation":{
                    "airportCode":"DOH",
                    "onlineStation":false,
                    "railStation":false,
                    "busStation":false,
                    "qrStation":false,
                    "active":true
                 },
                 "flightIdentifier":{
                    "productIdentifier":"20001C51002DB2A4",
                    "uniqueIdentifier":"QR000420200403LHRDOH"
                 },
                 "carrier":{
                    "carrier":"QR",
                    "mktFlightNumber":"0004",
                    "operatingCarrier":"QR",
                    "flightNumber":"0004"
                 },
                 "cabinClass":"ECONOMY",
                 "checkIn":{
                    "securityCloseTime":"Fri Apr 03 2020 14:20",
                    "fastBaggageCounterTime":"Fri Apr 03 2020 14:05",
                    "gateCloseTime":"Fri Apr 03 2020 14:45",
                    "acceptanceOpenTime":"Fri Mar 20 2020 15:05",
                    "acceptanceCloseTime":"Fri Apr 03 2020 13:35",
                    "cancelCloseTime":"Fri Apr 03 2020 14:05",
                    "isSeatMapEnabled":true,
                    "gateCloseTimeAd":"00:00:20",
                    "ccflightActive":false
                 },
                 "flightIndex":1,
                 "flightNumber":"0004",
                 "durationInMinutes":425,
                 "departureTerminal":"4",
                 "flightStatus":"OPEN",
                 "boardingStatus":"NOT_OPEN",
                 "baggageStatus":"IGNORED",
                 "flightBookingStatus":"CONFIRMED",
                 "departureDateScheduled":"Fri Apr 03 2020 15:05",
                 "departureDateScheduledUTC":"Fri Apr 03 2020 14:05",
                 "arrivalDateScheduled":"Sat Apr 04 2020 00:10",
                 "arrivalDateScheduledUTC":"Fri Apr 03 2020 21:10",
                 "boardingOpenTime":"Fri Apr 03 2020 13:35",
                 "boardingCloseTime":"Fri Apr 03 2020 14:45",
                 "checkInStatus":"OPEN",
                 "checkInStatusDCS":"OP",
                 "spiked":false
              }
           ],
           "checkIn":{
              "mobileBoardingPassEnabled":true,
              "hpbtEnabled":true,
              "offloadEnabled":true,
              "visaCheckReqd":false,
              "emergencyContactNameReqd":false,
              "emergencyContactNumberReqd":false,
              "emergencyContactCountryCodeReqd":false,
              "durationOfStay":1,
              "journeyCheckInStatus":"FULLY_CHECKED_IN",
              "baggagePoolingEnabled":false,
              "lateAcceptanceWindowActive":false,
              "ccjourneyActive":false
           },
           "journeyIndex":0,
           "durationInMinutes":425,
           "departureStationCode":"LHR",
           "arrivalStationCode":"DOH",
           "departureCity":"London",
           "arrivalCity":"Doha",
           "transitPoints":0,
           "checkInStatus":"OPEN",
           "journeyDirection":"OUTBOUND",
           "journeyType":"NORMAL",
           "departureDate":"Fri Apr 03 2020 15:05",
           "arrivalDate":"Sat Apr 04 2020 00:10",
           "onlineAcceptanceTimeConfig":{
              "acceptanceOpenTime":"Fri Mar 20 2020 15:05",
              "acceptanceCloseTime":"Fri Apr 03 2020 13:35",
              "acceptanceOpenTimeUTC":"Fri Mar 20 2020 14:05",
              "acceptanceCloseTimeUTC":"Fri Apr 03 2020 12:35",
              "acceptanceCancelCloseTime":"Fri Apr 03 2020 14:05",
              "acceptanceCancelCloseTimeUTC":"Fri Apr 03 2020 13:05"
           },
           "cdcCompliantAirport":false
        }
     ],
     "stationList":[
        {
           "iataCode":"LHR",
           "shorthand":"LHR",
           "airport":"Heathrow Airport",
           "cityCode":"LON",
           "city":"London",
           "countryCode":"GB",
           "country":"United Kingdom",
           "onlineStation":false,
           "offSetInMinutes":60,
           "priority":"qr",
           "terminal":"4",
           "railStation":false,
           "busStation":false,
           "qrStation":true,
           "active":true,
           "officeAddress":"Qatar Airways Airport Office\nTerminal 4\nHeathrow Airport\nHeathrow"
        },
        {
           "iataCode":"DOH",
           "shorthand":"DOH",
           "airport":"Hamad International Airport",
           "cityCode":"",
           "city":"Doha",
           "countryCode":"QA",
           "country":"Qatar",
           "onlineStation":false,
           "offSetInMinutes":180,
           "priority":"qr",
           "railStation":false,
           "busStation":false,
           "qrStation":true,
           "active":true,
           "officeAddress":"Qatar Airways Airport Office\nDeparture Terminal, Hamad International Airport\nDoha, Qatar\n+974 4010 5106"
        }
     ],
     "passengers":[
        {
           "title":"MR",
           "firstName":"ARIEL ABAD",
           "lastName":"ABRASALDO",
           "displayName":"Mr. Ariel Abad Abrasaldo",
           "gender":"M",
           "dateOfBirth":"1965-01-27",
           "passengerType":"ADULT",
           "address":[

           ],
           "apisInformation":{
              "countryOfResidenceCode":"QAT",
              "nationalityCode":"GBR",
              "regulatoryFirstName":"ARIEL ABAD",
              "regulatoryLastName":"ABRASALDO",
              "documents":[
                 {
                    "documentReferenceNumber":"514678161",
                    "expiryDate":"2024-03-21",
                    "countryOfIssue":"GBR",
                    "cityOfIssue":"GBR",
                    "documentType":"PASSPORT",
                    "documentSource":"CUSTOMER",
                    "documentIdentifier":{
                       "uniqueIdentifier":"PASSPORT514678161GBR20240321"
                    },
                    "journeyIdentifiers":[
                       "QR000420200403LHRDOH"
                    ],
                    "documentRequirements":{
                       "documentNumberReqd":true,
                       "documentNumberDisplay":true,
                       "expiryDateReqd":true,
                       "expiryDateDisplay":true,
                       "issuedDateReqd":false,
                       "issuedDateDisplay":false,
                       "placeOfIssueReqd":false,
                       "placeOfIssueDisplay":false,
                       "cityOfIssueReqd":false,
                       "cityOfIssueDisplay":false,
                       "countryOfIssueReqd":false,
                       "countryOfIssueDisplay":false
                    },
                    "documentSourceType":"M",
                    "valid":true
                 }
              ],
              "apisRequirements":{
                 "dobReqd":false,
                 "dobDisplay":false,
                 "nationalityReqd":false,
                 "nationalityDisplay":false,
                 "countryOfResidenceReqd":false,
                 "countryOfResidenceDisplay":false,
                 "passportReqd":false,
                 "passportNumberReqd":false,
                 "passportExpiryDateReqd":false,
                 "passportCountryOfIssueReqd":false,
                 "passportIssueDateReqd":false,
                 "applicableCountryReqd":false,
                 "visaReqd":false,
                 "visaNumberReqd":false,
                 "visaExpiryDateReqd":false,
                 "visaCountryOfIssueReqd":false,
                 "visaCityIssueReqd":false,
                 "visaIssueDateReqd":false,
                 "purposeOfVisitReqd":false,
                 "surnameReqd":false,
                 "titleReqd":false,
                 "givenNameReqd":false,
                 "genderReqd":false,
                 "destinationAddressReqd":false,
                 "destinationCityReqd":false,
                 "destinationCountryReqd":false,
                 "destinationStateReqd":false,
                 "destinationStreetReqd":false,
                 "destinationZipReqd":false,
                 "homeAddressReqd":false,
                 "homeCityReqd":false,
                 "homeCountryReqd":false,
                 "homeStateReqd":false,
                 "homeStreetReqd":false,
                 "homeZipReqd":false,
                 "placeOfBirthReqd":false,
                 "cdcReqd":false
              },
              "travelledToCDCCountries":false
           },
           "passengerIdentifier":{
              "productIdentifier":"2005EC5100065D4F"
           },
           "staffPassengerDetails":{
              "staffId":"34236",
              "staffCategory":"BKB",
              "upgradable":false
           },
           "profileDetails":{

           },
           "checkIn":{
              "specialServiceRequestDetails":[
                 {
                    "serviceIdentifier":{
                       "productIdentifier":"100000002EB4C3B9"
                    },
                    "code":"STUD",
                    "serviceType":"K"
                 },
                 {
                    "serviceIdentifier":{
                       "productIdentifier":"100000002EB4C3BA"
                    },
                    "code":"CTCE",
                    "description":"TABRASALDO//UK.QATARAIRWAYS.COM",
                    "serviceType":"S"
                 },
                 {
                    "serviceIdentifier":{
                       "productIdentifier":"100000002EB4C3BB"
                    },
                    "code":"CTCM",
                    "description":"7909545674/GB",
                    "serviceType":"S"
                 },
                 {
                    "serviceIdentifier":{
                       "productIdentifier":"100000002EB4C3BC"
                    },
                    "code":"OTHS",
                    "description":"PLS REISSUE/REVALIDATE TKTS WHEREVER APPLICABLE AND COMPLY TO MCT",
                    "serviceType":"S"
                 }
              ],
              "apisDetailsComplete":false,
              "eligibleForBPPrint":false,
              "emReqFlightList":[
                 "QR000420200403LHRDOH"
              ],
              "timaticStatus":"NOT_DONE",
              "offloadAvailable":true,
              "seatChangeAvailable":true,
              "bagTagAllowed":true,
              "visaSwiped":false,
              "journeyADCStatus":[
                 {
                    "adcAction":"I",
                    "adcStatus":"NOT_OK",
                    "journeyIdentifier":{
                       "uniqueIdentifier":"QR000420200403LHRDOH"
                    }
                 }
              ],
              "ccpassengerActive":false,
              "passportMachineReadable":true
           },
           "primaryPassenger":false
        },
        {
           "title":"MR",
           "firstName":"AARON",
           "lastName":"ABRASALDO",
           "displayName":"Mr. Aaron Abrasaldo",
           "gender":"M",
           "dateOfBirth":"1998-06-03",
           "passengerType":"ADULT",
           "address":[

           ],
           "apisInformation":{
              "countryOfResidenceCode":"QAT",
              "nationalityCode":"GBR",
              "regulatoryFirstName":"AARON",
              "regulatoryLastName":"ABRASALDO",
              "documents":[
                 {
                    "documentReferenceNumber":"550176041",
                    "expiryDate":"2028-01-06",
                    "countryOfIssue":"GBR",
                    "cityOfIssue":"GBR",
                    "documentType":"PASSPORT",
                    "documentSource":"CUSTOMER",
                    "documentIdentifier":{
                       "uniqueIdentifier":"PASSPORT550176041GBR20280106"
                    },
                    "journeyIdentifiers":[
                       "QR000420200403LHRDOH"
                    ],
                    "documentRequirements":{
                       "documentNumberReqd":true,
                       "documentNumberDisplay":true,
                       "expiryDateReqd":true,
                       "expiryDateDisplay":true,
                       "issuedDateReqd":false,
                       "issuedDateDisplay":false,
                       "placeOfIssueReqd":false,
                       "placeOfIssueDisplay":false,
                       "cityOfIssueReqd":false,
                       "cityOfIssueDisplay":false,
                       "countryOfIssueReqd":false,
                       "countryOfIssueDisplay":false
                    },
                    "documentSourceType":"M",
                    "valid":true
                 }
              ],
              "apisRequirements":{
                 "dobReqd":false,
                 "dobDisplay":false,
                 "nationalityReqd":false,
                 "nationalityDisplay":false,
                 "countryOfResidenceReqd":false,
                 "countryOfResidenceDisplay":false,
                 "passportReqd":false,
                 "passportNumberReqd":false,
                 "passportExpiryDateReqd":false,
                 "passportCountryOfIssueReqd":false,
                 "passportIssueDateReqd":false,
                 "applicableCountryReqd":false,
                 "visaReqd":false,
                 "visaNumberReqd":false,
                 "visaExpiryDateReqd":false,
                 "visaCountryOfIssueReqd":false,
                 "visaCityIssueReqd":false,
                 "visaIssueDateReqd":false,
                 "purposeOfVisitReqd":false,
                 "surnameReqd":false,
                 "titleReqd":false,
                 "givenNameReqd":false,
                 "genderReqd":false,
                 "destinationAddressReqd":false,
                 "destinationCityReqd":false,
                 "destinationCountryReqd":false,
                 "destinationStateReqd":false,
                 "destinationStreetReqd":false,
                 "destinationZipReqd":false,
                 "homeAddressReqd":false,
                 "homeCityReqd":false,
                 "homeCountryReqd":false,
                 "homeStateReqd":false,
                 "homeStreetReqd":false,
                 "homeZipReqd":false,
                 "placeOfBirthReqd":false,
                 "cdcReqd":false
              },
              "travelledToCDCCountries":false
           },
           "passengerIdentifier":{
              "productIdentifier":"2005EC5100065D50"
           },
           "staffPassengerDetails":{
              "staffId":"34236",
              "staffCategory":"BKB",
              "upgradable":false
           },
           "profileDetails":{

           },
           "checkIn":{
              "specialServiceRequestDetails":[
                 {
                    "serviceIdentifier":{
                       "productIdentifier":"100000002EB4C3C8"
                    },
                    "code":"STUD",
                    "serviceType":"K"
                 },
                 {
                    "serviceIdentifier":{
                       "productIdentifier":"100000002EB4C3C9"
                    },
                    "code":"CTCE",
                    "description":"TABRASALDO//UK.QATARAIRWAYS.COM",
                    "serviceType":"S"
                 },
                 {
                    "serviceIdentifier":{
                       "productIdentifier":"100000002EB4C3CA"
                    },
                    "code":"CTCM",
                    "description":"7909545674/GB",
                    "serviceType":"S"
                 },
                 {
                    "serviceIdentifier":{
                       "productIdentifier":"100000002EB4C3CB"
                    },
                    "code":"OTHS",
                    "description":"PLS REISSUE/REVALIDATE TKTS WHEREVER APPLICABLE AND COMPLY TO MCT",
                    "serviceType":"S"
                 }
              ],
              "apisDetailsComplete":false,
              "eligibleForBPPrint":false,
              "timaticStatus":"NOT_DONE",
              "offloadAvailable":true,
              "seatChangeAvailable":true,
              "bagTagAllowed":true,
              "visaSwiped":false,
              "journeyADCStatus":[
                 {
                    "adcAction":"I",
                    "adcStatus":"NOT_OK",
                    "journeyIdentifier":{
                       "uniqueIdentifier":"QR000420200403LHRDOH"
                    }
                 }
              ],
              "ccpassengerActive":false,
              "passportMachineReadable":true
           },
           "primaryPassenger":false
        }
     ],
     "booking":{
        "bookingReferenceNumber":"O2I6MG",
        "onugSKElement":false,
        "groupBooking":false,
        "groupBookingWithNonUniquePAX":false
     },
     "checkIn":{
        "tripFullyCheckedIn":true,
        "flightsRemovedForStaff":false,
        "cctripActive":false
     },
     "passengerFlightMapping":[
        {
           "specialServiceRequestDetails":[
              {
                 "serviceIdentifier":{
                    "productIdentifier":"100000002EB5148F"
                 },
                 "code":"OTHS",
                 "description":"ONLINE CHECK PAX",
                 "serviceType":"S"
              },
              {
                 "serviceIdentifier":{
                    "productIdentifier":"100000002EB51490"
                 },
                 "code":"HPCP",
                 "description":"ADC_NOT_OK",
                 "serviceType":"K"
              }
           ],
           "checkedInBaggage":[

           ],
           "noOfBags":0,
           "paxFlightIdentifier":{
              "passengerIdentifier":{
                 "productIdentifier":"2005EC5100065D4F"
              },
              "flightIdentifier":{
                 "productIdentifier":"20001C51002DB2A4",
                 "uniqueIdentifier":"QR000420200403LHRDOH"
              }
           },
           "couponDetail":{
              "couponNumber":"1",
              "couponUsed":false,
              "eticketNumber":"1572328703230",
              "couponStatus":"ASS"
           },
           "seatPreference":{
              "preferredSeat":"52J",
              "assignedSeat":"52J",
              "bpSeatIndicatorRequired":false,
              "involuntaryRefundable":false,
              "involuntaryNonRefundable":false,
              "purchasedSeat":false
           },
           "pasengerTimelineInfo":{
              "checkinStatus":"CHECKED_IN",
              "dcsCheckinStatus":"CAC",
              "boardingStatus":"NOT_BOARDED",
              "bookingStatus":"HK",
              "dcsBPStatus":"PRINTED"
           },
           "checkInInfo":{
              "issuedDocs":[
                 {
                    "documentType":"BOARDING_PASS",
                    "documentVariant":"HPCP",
                    "documentVariantReason":"ADC_NOT_OK",
                    "documentSubVariant":"BLUEBOARDINGPASS",
                    "boardingPassIssued":true
                 }
              ],
              "boardingId":"2",
              "securityNumber":"2",
              "rbd":"E",
              "adcAction":"I",
              "apiFlagPresent":true,
              "zoneInfo":"Zone 4 MD",
              "baggageAllowance":[
                 {
                    "totalWeight":40,
                    "unit":"WEIGHT",
                    "baggageType":"CHECKED_IN"
                 },
                 {
                    "pieceQuantity":1,
                    "totalWeight":7,
                    "totalPieceWeight":"7kg (15lb)",
                    "unit":"WEIGHT",
                    "baggageType":"CABIN",
                    "dimension":"50x37x25cm"
                 }
              ],
              "selectee":false,
              "ccpfMappingActive":false
           },
           "travelCabinClass":"ECONOMY",
           "memberOfPool":false,
           "headOfPool":false,
           "passengerRegraded":false
        },
        {
           "specialServiceRequestDetails":[
              {
                 "serviceIdentifier":{
                    "productIdentifier":"100000002EB51491"
                 },
                 "code":"OTHS",
                 "description":"ONLINE CHECK PAX",
                 "serviceType":"S"
              },
              {
                 "serviceIdentifier":{
                    "productIdentifier":"100000002EB51492"
                 },
                 "code":"HPCP",
                 "description":"ADC_NOT_OK",
                 "serviceType":"K"
              }
           ],
           "checkedInBaggage":[

           ],
           "noOfBags":0,
           "paxFlightIdentifier":{
              "passengerIdentifier":{
                 "productIdentifier":"2005EC5100065D50"
              },
              "flightIdentifier":{
                 "productIdentifier":"20001C51002DB2A5",
                 "uniqueIdentifier":"QR000420200403LHRDOH"
              }
           },
           "couponDetail":{
              "couponNumber":"1",
              "couponUsed":false,
              "eticketNumber":"1572328703231",
              "couponStatus":"ASS"
           },
           "seatPreference":{
              "preferredSeat":"52K",
              "assignedSeat":"52K",
              "assignedSeatType":[
                 "WINDOW"
              ],
              "bpSeatIndicatorRequired":false,
              "involuntaryRefundable":false,
              "involuntaryNonRefundable":false,
              "purchasedSeat":false
           },
           "pasengerTimelineInfo":{
              "checkinStatus":"CHECKED_IN",
              "dcsCheckinStatus":"CAC",
              "boardingStatus":"NOT_BOARDED",
              "bookingStatus":"HK",
              "dcsBPStatus":"PRINTED"
           },
           "checkInInfo":{
              "issuedDocs":[
                 {
                    "documentType":"BOARDING_PASS",
                    "documentVariant":"HPCP",
                    "documentVariantReason":"ADC_NOT_OK",
                    "documentSubVariant":"BLUEBOARDINGPASS",
                    "boardingPassIssued":true
                 }
              ],
              "boardingId":"1",
              "securityNumber":"1",
              "rbd":"E",
              "adcAction":"I",
              "apiFlagPresent":true,
              "zoneInfo":"ZONE 4 MD",
              "baggageAllowance":[
                 {
                    "totalWeight":40,
                    "unit":"WEIGHT",
                    "baggageType":"CHECKED_IN"
                 },
                 {
                    "pieceQuantity":1,
                    "totalWeight":7,
                    "totalPieceWeight":"7kg (15lb)",
                    "unit":"WEIGHT",
                    "baggageType":"CABIN",
                    "dimension":"50x37x25cm"
                 }
              ],
              "selectee":false,
              "ccpfMappingActive":false
           },
           "travelCabinClass":"ECONOMY",
           "memberOfPool":false,
           "headOfPool":false,
           "passengerRegraded":false
        }
     ],
     "initialPod":"LHR"
  },
  "reloadTripRequired":false,
  "eaForCheckedInPassengers":{
     "printBP":"AVAILABLE",
     "printBT":"AVAILABLE",
     "sendEmailBP":"AVAILABLE",
     "cancelCheckIn":"AVAILABLE",
     "doCheckIn":"NOT_AVAILABLE",
     "seatChange":"AVAILABLE",
     "newLetter":"AVAILABLE",
     "walletPass":"AVAILABLE",
     "addBagTags":"AVAILABLE",
     "deleteBagTags":"AVAILABLE"
  },
  "eaForOpenPassengers":{
     "printBP":"NOT_AVAILABLE",
     "printBT":"NOT_AVAILABLE",
     "sendEmailBP":"NOT_AVAILABLE",
     "cancelCheckIn":"NOT_AVAILABLE",
     "doCheckIn":"AVAILABLE",
     "seatChange":"NOT_AVAILABLE",
     "newLetter":"AVAILABLE",
     "walletPass":"NOT_AVAILABLE",
     "addBagTags":"NOT_AVAILABLE",
     "deleteBagTags":"NOT_AVAILABLE"
  },
  "deviceWrapper":{
     "captchaRequired":false,
     "platform":"UNKNOWN",
     "type":"NORMAL"
  }
}
